seed,return,episode_len,reach_goal,goal_contact,showcase_pass,evaluation_success,collision,truncated
0,11273.037109375,1382.0999755859375,0.0,0.30000001192092896,0.5,0.30000001192092896,0.5,0.5
1,13976.2705078125,1742.3499755859375,0.0,0.4000000059604645,0.800000011920929,0.3499999940395355,0.20000000298023224,0.800000011920929
