seed,return,episode_len,reach_goal,collision,truncated
0,3257.04443359375,385.6499938964844,0.0,0.10000000149011612,0.8999999761581421
1,3340.766845703125,397.0,0.0,0.05000000074505806,0.949999988079071
