{
  "case_name": "dynamic_120_32",
  "checkpoint": "/home/p/NavRL_checkpoints/checkpoint_116000.pt",
  "overrides": [
    "env.num_obstacles=120",
    "env_dyn.num_obstacles=32",
    "env_dyn.vel_range=[0.2,0.4]",
    "env_dyn.local_range=[3.0,3.0,3.0]"
  ],
  "num_seeds": 2,
  "return_mean": 9246.51220703125,
  "episode_len_mean": 1126.8500366210938,
  "reach_goal_rate": 0.0,
  "goal_contact_rate": 0.12500000186264515,
  "showcase_pass_rate": 0.2749999985098839,
  "evaluation_success_rate": 0.12500000186264515,
  "collision_rate": 0.699999988079071,
  "truncated_rate": 0.2749999985098839,
  "goal_hold_steps": 5
}