seed,return,episode_len,reach_goal,collision,truncated
0,3342.05810546875,394.79998779296875,0.0,0.10000000149011612,0.8999999761581421
1,3260.96728515625,383.5,0.0,0.15000000596046448,0.8500000238418579
