{
  "case_name": "dynamic_100_32",
  "checkpoint": "/home/p/NavRL_checkpoints/checkpoint_116000.pt",
  "overrides": [
    "env.num_obstacles=100",
    "env_dyn.num_obstacles=32"
  ],
  "num_seeds": 2,
  "return_mean": 12624.65380859375,
  "episode_len_mean": 1562.2249755859375,
  "reach_goal_rate": 0.0,
  "goal_contact_rate": 0.3500000089406967,
  "showcase_pass_rate": 0.6500000059604645,
  "evaluation_success_rate": 0.32500000298023224,
  "collision_rate": 0.3500000014901161,
  "truncated_rate": 0.6500000059604645,
  "goal_hold_steps": 5
}