seed,return,episode_len,reach_goal,goal_contact,showcase_pass,evaluation_success,collision,truncated
0,9026.552734375,1100.6500244140625,0.0,0.20000000298023224,0.3499999940395355,0.20000000298023224,0.6499999761581421,0.3499999940395355
1,9466.4716796875,1153.050048828125,0.0,0.05000000074505806,0.20000000298023224,0.05000000074505806,0.75,0.20000000298023224
