seed,return,episode_len,reach_goal,collision,truncated
0,2249.85791015625,394.79998779296875,0.0,0.10000000149011612,0.8999999761581421
1,2249.94921875,394.75,0.0,0.10000000149011612,0.8999999761581421
