seed,return,episode_len,reach_goal,goal_contact,showcase_pass,evaluation_success,collision,truncated
0,9481.443359375,1760.9000244140625,0.0,0.5,0.8500000238418579,0.5,0.15000000596046448,0.8500000238418579
1,9914.1953125,1843.0999755859375,0.0,0.5,0.8999999761581421,0.44999998807907104,0.10000000149011612,0.8999999761581421
